image_name,prediction_NOT_EX,prediction_EX,class_id,type
1-1@run1@37.0Map.png,0.14118543,0.8588146,1,FP
1-1@run1@44.0Map.png,0.14305566,0.8569444,1,FP
2-2@run1@6.0Map.png,0.9407594,0.059240546,0,TN
1-1@run1@49.0Map.png,0.14877298,0.851227,1,FP
2-2@run1@13.0Map.png,0.5050491,0.49495086,0,TN
1-1@run1@56.0Map.png,0.1423431,0.85765684,1,FP
1-1@run1@43.0Map.png,0.1429947,0.8570053,1,FP
50037764_PLAN1@run1@5.0Map.png,0.6942123,0.3057877,0,TN
1-1@run1@38.0Map.png,0.1570731,0.8429269,1,FP
2-2@run1@2.0Map.png,0.74657357,0.25342646,0,TN
2-2@run1@17.0Map.png,0.5534288,0.44657117,0,TN
50037764_PLAN1@run1@0Map.png,0.28448957,0.7155104,1,FP
2-2@run1@10.0Map.png,0.74222594,0.257774,0,TN
2-2@run1@15.0Map.png,0.7160081,0.2839919,0,TN
1-1@run1@53.0Map.png,0.14241263,0.85758734,1,FP
50037764_PLAN1@run1@6.0Map.png,0.3514768,0.6485232,1,FP
50037764_PLAN1@run1@12.0Map.png,0.42635733,0.5736426,1,FP
4-1@run1@12.0Map.png,0.288753,0.711247,1,FP
50037764_PLAN1@run1@3.0Map.png,0.57465845,0.42534158,0,TN
2-2@run1@12.0Map.png,0.45269153,0.5473085,1,FP
50037764_PLAN1@run1@9.0Map.png,0.27292854,0.7270715,1,FP
2-2@run1@1.0Map.png,0.5409949,0.45900518,0,TN
1-1@run1@58.0Map.png,0.14414176,0.8558582,1,FP
2-2@run1@14.0Map.png,0.60488,0.39512002,0,TN
1-1@run1@48.0Map.png,0.15437342,0.8456266,1,FP
1-1@run1@47.0Map.png,0.15472382,0.8452762,1,FP
1-1@run1@51.0Map.png,0.14281021,0.8571898,1,FP
1-1@run1@54.0Map.png,0.14598954,0.8540104,1,FP
50037764_PLAN1@run1@4.0Map.png,0.6559292,0.34407076,0,TN
2-2@run1@20.0Map.png,0.18631965,0.81368035,1,FP
1-1@run1@59.0Map.png,0.14749134,0.8525087,1,FP
1-1@run1@40.0Map.png,0.14405191,0.8559481,1,FP
2-2@run1@7.0Map.png,0.93285674,0.0671433,0,TN
4-1@run1@6.0Map.png,0.71371126,0.28628874,0,TN
1-1@run1@52.0Map.png,0.14242159,0.8575784,1,FP
4-1@run1@5.0Map.png,0.77081096,0.22918896,0,TN
4-1@run1@3.0Map.png,0.72993976,0.2700602,0,TN
1-1@run1@50.0Map.png,0.1444128,0.8555872,1,FP
E52-5@run1@11.0Map.png,0.00037049712,0.9996295,1,FP
1-1@run1@60.0Map.png,0.14682434,0.85317564,1,FP
1-1@run1@55.0Map.png,0.14442974,0.85557026,1,FP
4-1@run1@8.0Map.png,0.5753544,0.42464566,0,TN
2-2@run1@19.0Map.png,0.36264727,0.63735276,1,FP
54-17@run1@3.0Map.png,0.054489966,0.94550997,1,FP
2-2@run1@22.0Map.png,0.39065439,0.6093456,1,FP
2-2@run1@0Map.png,0.45258754,0.54741246,1,FP
50037764_PLAN1@run1@1.0Map.png,0.52147985,0.47852013,0,TN
50037764_PLAN1@run1@8.0Map.png,0.30654606,0.6934539,1,FP
1-1@run1@41.0Map.png,0.14561462,0.8543853,1,FP
2-2@run1@3.0Map.png,0.7436336,0.2563664,0,TN
1-1@run1@46.0Map.png,0.15307796,0.84692204,1,FP
4-1@run1@2.0Map.png,0.703955,0.29604495,0,TN
E52-5@run1@12.0Map.png,0.00041500168,0.999585,1,FP
50037764_PLAN1@run1@11.0Map.png,0.26108658,0.7389134,1,FP
1-1@run1@42.0Map.png,0.15048173,0.84951824,1,FP
1-1@run2@21.0Map.png,0.34609583,0.65390414,1,FP
2-2@run1@5.0Map.png,0.8376005,0.1623995,0,TN
1-1@run1@36.0Map.png,0.2645598,0.7354402,1,FP
4-1@run1@11.0Map.png,0.40963155,0.59036845,1,FP
50037764_PLAN1@run1@2.0Map.png,0.5431926,0.45680737,0,TN
2-2@run1@21.0Map.png,0.75299275,0.24700725,0,TN
4-1@run1@9.0Map.png,0.5593683,0.44063166,0,TN
50037764_PLAN1@run1@13.0Map.png,0.20617907,0.7938209,1,FP
4-1@run1@4.0Map.png,0.8416445,0.1583555,0,TN
2-2@run1@11.0Map.png,0.48285338,0.51714665,1,FP
1-1@run1@45.0Map.png,0.1543767,0.84562325,1,FP
4-1@run1@10.0Map.png,0.47947624,0.5205238,1,FP
1-1@run1@57.0Map.png,0.14129995,0.85870004,1,FP
2-2@run1@16.0Map.png,0.6667453,0.33325467,0,TN
4-1@run1@1.0Map.png,0.2898642,0.71013576,1,FP
2-2@run1@8.0Map.png,0.9364242,0.06357583,0,TN
1-1@run1@39.0Map.png,0.14948747,0.85051256,1,FP
4-1@run1@13.0Map.png,0.27278247,0.7272175,1,FP
4-1@run1@7.0Map.png,0.7569253,0.2430747,0,TN
2-2@run1@18.0Map.png,0.33622316,0.6637769,1,FP
4-1@run1@0Map.png,0.18185964,0.8181403,1,FP
50037764_PLAN1@run1@7.0Map.png,0.29342043,0.70657957,1,FP
2-2@run1@9.0Map.png,0.8954799,0.104520015,0,TN
2-2@run1@4.0Map.png,0.5620746,0.4379254,0,TN
50037764_PLAN1@run1@10.0Map.png,0.27292854,0.7270715,1,FP
39-6@run1@7.0Map.png,0.009582524,0.9904174,1,TP
0510045926_A-40.1-020@run1@3.0Map.png,0.07404536,0.9259546,1,TP
W7-0@run1@12.0Map.png,0.1274562,0.8725438,1,TP
1-1@run2@2.0Map.png,0.0680843,0.93191564,1,TP
56-4@run1@4.0Map.png,0.0083324285,0.99166757,1,TP
5-0@run1@6.0Map.png,0.06623692,0.9337631,1,TP
4-1@run1@27.0Map.png,0.44318756,0.5568124,1,TP
W51-0@run1@10.0Map.png,0.027049474,0.9729505,1,TP
16-2@run1@0Map.png,0.32775852,0.67224145,1,TP
0510034841_A-40.1-103@run1@2.0Map.png,0.021716516,0.9782835,1,TP
W7-0@run1@1.0Map.png,0.25929043,0.7407096,1,TP
W59-1@run1@4.0Map.png,0.061116308,0.93888366,1,TP
1-1@run2@5.0Map.png,0.3024422,0.69755775,1,TP
2-2@run1@29.0Map.png,0.03822784,0.9617722,1,TP
31-0@run1@20.0Map.png,0.029442022,0.9705579,1,TP
41-2@run1@1.0Map.png,0.22980888,0.7701911,1,TP
56-4@run1@11.0Map.png,0.0003780716,0.99962187,1,TP
31-0@run1@12.0Map.png,0.16752242,0.8324775,1,TP
0510035737_A_40_1_105@run1@3.0Map.png,0.2299261,0.77007395,1,TP
W51-0@run1@2.0Map.png,0.1996732,0.8003268,1,TP
56-4@run1@5.0Map.png,0.011637352,0.9883626,1,TP
4-1@run1@36.0Map.png,0.43766636,0.56233364,1,TP
E52-5@run1@8.0Map.png,0.00040525073,0.99959475,1,TP
W7-0@run1@21.0Map.png,0.011994009,0.98800606,1,TP
1-1@run1@34.0Map.png,0.35421672,0.6457833,1,TP
E34-3@run1@6.0Map.png,0.053169753,0.9468302,1,TP
2-2@run1@37.0Map.png,0.03555086,0.96444917,1,TP
56-4@run1@3.0Map.png,0.017724132,0.98227584,1,TP
16-7@run1@3.0Map.png,0.019828336,0.9801717,1,TP
E52-5@run1@18.0Map.png,4.060859e-05,0.99995935,1,TP
E52-5@run1@5.0Map.png,0.013207029,0.98679304,1,TP
E52-5@run1@16.0Map.png,4.09521e-05,0.999959,1,TP
W7-0@run1@25.0Map.png,0.004780691,0.9952193,1,TP
31-0@run1@9.0Map.png,0.42237183,0.5776282,1,TP
E19-0@run1@7.0Map.png,0.03770486,0.9622952,1,TP
50-2@run1@3.0Map.png,0.48450837,0.51549166,1,TP
0510040946_A-40.1-806@run1@1.0Map.png,0.009728834,0.9902712,1,TP
31-0@run1@19.0Map.png,0.027374426,0.9726256,1,TP
2-2@run1@33.0Map.png,0.0361793,0.96382076,1,TP
39-6@run1@10.0Map.png,0.012302166,0.9876979,1,TP
NW16-1@run1@12.0Map.png,0.019882327,0.98011774,1,TP
5-2@run1@0Map.png,0.17571284,0.8242872,1,TP
1-1@run1@1.0Map.png,0.2579135,0.74208647,1,TP
4-1@run1@29.0Map.png,0.4394239,0.56057614,1,TP
24-5@run1@14.0Map.png,0.078618094,0.9213819,1,TP
50-2@run1@8.0Map.png,0.014387587,0.9856124,1,TP
31-0@run1@16.0Map.png,0.017639225,0.98236084,1,TP
4-4@run1@1.0Map.png,0.68018275,0.31981727,0,FN
24-5@run1@13.0Map.png,0.08118438,0.91881555,1,TP
0510035737_A_40_1_105@run1@2.0Map.png,0.206966,0.79303396,1,TP
E48-3@run1@2.0Map.png,0.023574518,0.97642547,1,TP
50056458@run1@8.0Map.png,0.0021140561,0.9978859,1,TP
54-4@run1@8.0Map.png,0.02195148,0.97804856,1,TP
W7-0@run1@11.0Map.png,0.2426895,0.7573105,1,TP
0510034841_A-40.1-103@run1@3.0Map.png,0.027461091,0.9725389,1,TP
4-1@run1@24.0Map.png,0.42776224,0.57223773,1,TP
E19-0@run1@12.0Map.png,0.035814673,0.9641853,1,TP
1-1@run2@17.0Map.png,0.3443284,0.6556716,1,TP
41-2@run1@4.0Map.png,0.019222215,0.9807778,1,TP
E52-5@run1@1.0Map.png,0.28807244,0.71192753,1,TP
50-2@run1@4.0Map.png,0.24571745,0.7542826,1,TP
1-1@run1@0Map.png,0.3499362,0.6500638,1,TP
N52-2@run1@2.0Map.png,0.34233478,0.6576652,1,TP
4-1@run1@46.0Map.png,0.44949225,0.5505078,1,TP
0510035737_A_40_1_105@run1@11.0Map.png,0.0038747725,0.9961253,1,TP
5-0@run1@7.0Map.png,0.06623692,0.9337631,1,TP
2-2@run1@30.0Map.png,0.044971563,0.9550285,1,TP
24-5@run1@12.0Map.png,0.08110439,0.9188956,1,TP
W7-0@run1@34.0Map.png,0.0017623485,0.9982376,1,TP
0510032266_A_40_1_103@run1@4.0Map.png,0.0049718134,0.9950282,1,TP
W7-0@run1@14.0Map.png,0.0553555,0.94464445,1,TP
50-2@run1@7.0Map.png,0.016109243,0.9838907,1,TP
50037764_PLAN1@run1@16.0Map.png,0.12802978,0.8719702,1,TP
E19-0@run1@19.0Map.png,0.014047089,0.985953,1,TP
N57-1@run1@2.0Map.png,0.0011565805,0.99884343,1,TP
0510045926_A-40.1-020@run1@0Map.png,0.37446773,0.62553227,1,TP
4-1@run1@37.0Map.png,0.43780714,0.56219286,1,TP
4-1@run1@49.0Map.png,0.4533456,0.54665446,1,TP
E18-0@run1@5.0Map.png,0.71265584,0.28734413,0,FN
W92-0@run1@0Map.png,0.10603915,0.8939609,1,TP
W7-0@run1@32.0Map.png,0.0018222324,0.99817777,1,TP
0510034860_A-40@run1@0Map.png,0.19188425,0.8081158,1,TP
50056459@run1@6.0Map.png,0.0031494326,0.99685055,1,TP
1-1@run1@26.0Map.png,0.045098193,0.9549018,1,TP
0510035737_A_40_1_105@run1@12.0Map.png,0.0037118664,0.9962882,1,TP
2-2@run1@35.0Map.png,0.038454518,0.96154547,1,TP
31-0@run1@7.0Map.png,0.41803107,0.58196896,1,TP
56-4@run1@7.0Map.png,0.0040599024,0.9959401,1,TP
56-4@run1@12.0Map.png,0.00035634844,0.9996437,1,TP
16-2@run1@12.0Map.png,0.0071383733,0.99286157,1,TP
0510035737_A_40_1_105@run1@6.0Map.png,0.1821811,0.8178189,1,TP
4-4@run1@8.0Map.png,0.016840428,0.98315954,1,TP
2-2@run1@24.0Map.png,0.18141921,0.8185808,1,TP
W59-1@run1@6.0Map.png,0.06607493,0.93392503,1,TP
0510035737_A_40_1_105@run1@15.0Map.png,0.004106759,0.99589324,1,TP
16-2@run1@3.0Map.png,0.021051217,0.9789488,1,TP
1-1@run1@22.0Map.png,0.066127144,0.9338728,1,TP
0510045926_A-40.1-020@run1@6.0Map.png,0.0042521027,0.99574786,1,TP
E19-0@run1@18.0Map.png,0.014047089,0.985953,1,TP
E52-5@run1@0Map.png,0.2891817,0.7108183,1,TP
31-0@run1@15.0Map.png,0.013449687,0.98655033,1,TP
E19-0@run1@15.0Map.png,0.036854718,0.96314526,1,TP
31-0@run1@0Map.png,0.1807362,0.81926376,1,TP
N52-2@run1@4.0Map.png,0.12911166,0.87088835,1,TP
9-1@run1@4.0Map.png,0.0019212298,0.9980788,1,TP
W59-1@run1@10.0Map.png,0.004000782,0.9959992,1,TP
E52-5@run1@3.0Map.png,0.07292561,0.92707443,1,TP
16-7@run1@2.0Map.png,0.096275985,0.90372396,1,TP
NW16-1@run1@13.0Map.png,0.014123449,0.9858766,1,TP
31-0@run1@21.0Map.png,0.029824529,0.9701755,1,TP
0510034860_A-40@run1@2.0Map.png,0.041419428,0.9585806,1,TP
W59-1@run1@7.0Map.png,0.07049668,0.9295034,1,TP
41-2@run1@5.0Map.png,0.012550037,0.98745,1,TP
39-6@run1@3.0Map.png,0.110319614,0.8896804,1,TP
NW16-1@run1@7.0Map.png,0.104471356,0.8955286,1,TP
4-1@run1@17.0Map.png,0.70760494,0.29239503,0,FN
50037764_PLAN1@run1@17.0Map.png,0.051361408,0.94863856,1,TP
39-6@run1@2.0Map.png,0.1357214,0.8642786,1,TP
39-6@run1@6.0Map.png,0.012649021,0.987351,1,TP
4-1@run1@51.0Map.png,0.45118916,0.54881084,1,TP
5-2@run1@8.0Map.png,0.0028996607,0.9971003,1,TP
1-1@run1@61.0Map.png,0.15334347,0.84665656,1,TP
41-2@run1@6.0Map.png,0.012550037,0.98745,1,TP
0510034841_A-40.1-103@run1@4.0Map.png,0.027461091,0.9725389,1,TP
31-0@run1@1.0Map.png,0.50768507,0.49231493,0,FN
1-1@run1@20.0Map.png,0.20668416,0.7933158,1,TP
2-2@run1@36.0Map.png,0.035638824,0.96436125,1,TP
E19-0@run1@8.0Map.png,0.040835463,0.9591645,1,TP
N52-2@run1@8.0Map.png,0.06492282,0.93507713,1,TP
4-1@run1@18.0Map.png,0.81753236,0.18246768,0,FN
1-1@run1@5.0Map.png,0.07631777,0.9236823,1,TP
W59-1@run1@17.0Map.png,0.0019495831,0.99805045,1,TP
1-1@run2@11.0Map.png,0.8366034,0.16339658,0,FN
0510035737_A_40_1_105@run1@5.0Map.png,0.5435109,0.4564891,0,FN
W7-0@run1@27.0Map.png,0.0045932075,0.99540687,1,TP
1-1@run2@25.0Map.png,0.13033997,0.86965996,1,TP
E34-3@run1@2.0Map.png,0.12905231,0.8709477,1,TP
E19-0@run1@13.0Map.png,0.041428108,0.95857185,1,TP
0510032266_A_40_1_103@run1@0Map.png,0.21401365,0.7859863,1,TP
9-1@run1@0Map.png,0.124959916,0.8750401,1,TP
NW21-2@run1@4.0Map.png,0.03482369,0.96517634,1,TP
E19-0@run1@0Map.png,0.19375244,0.80624753,1,TP
NW16-1@run1@3.0Map.png,0.094449684,0.9055503,1,TP
50056459@run1@7.0Map.png,0.002677874,0.99732214,1,TP
1-1@run1@31.0Map.png,0.46846503,0.53153497,1,TP
W7-0@run1@9.0Map.png,0.047386777,0.9526132,1,TP
4-1@run1@53.0Map.png,0.45166084,0.5483391,1,TP
W7-0@run1@30.0Map.png,0.0041506994,0.99584925,1,TP
W92-0@run1@2.0Map.png,0.18838044,0.8116196,1,TP
50056459@run1@10.0Map.png,0.0015465533,0.9984534,1,TP
31-0@run1@23.0Map.png,0.020313777,0.9796862,1,TP
E52-5@run1@19.0Map.png,3.9925853e-05,0.99996006,1,TP
4-1@run1@34.0Map.png,0.44301432,0.5569857,1,TP
31-0@run1@4.0Map.png,0.63755476,0.36244527,0,FN
1-1@run1@17.0Map.png,0.36532104,0.63467896,1,TP
1-1@run1@4.0Map.png,0.15031545,0.8496846,1,TP
54-4@run1@2.0Map.png,0.15595214,0.8440479,1,TP
5-2@run1@9.0Map.png,0.0028996607,0.9971003,1,TP
24-5@run1@11.0Map.png,0.07409139,0.9259086,1,TP
4-4@run1@6.0Map.png,0.039306097,0.9606939,1,TP
31-0@run1@8.0Map.png,0.52950937,0.47049066,0,FN
NW16-1@run1@15.0Map.png,0.014123449,0.9858766,1,TP
E18-0@run1@10.0Map.png,0.29720432,0.7027956,1,TP
16-2@run1@11.0Map.png,0.0071383733,0.99286157,1,TP
NW21-2@run1@7.0Map.png,0.028856643,0.97114336,1,TP
4-1@run1@38.0Map.png,0.44015107,0.55984896,1,TP
NW16-1@run1@6.0Map.png,0.07002144,0.9299785,1,TP
E19-0@run1@10.0Map.png,0.046237152,0.95376277,1,TP
24-5@run1@3.0Map.png,0.14302802,0.856972,1,TP
NW16-1@run1@9.0Map.png,0.08967758,0.91032237,1,TP
16-2@run1@7.0Map.png,0.048105147,0.9518949,1,TP
4-1@run1@45.0Map.png,0.44919652,0.5508035,1,TP
1-1@run1@15.0Map.png,0.3574425,0.64255756,1,TP
24-5@run1@4.0Map.png,0.10633744,0.8936625,1,TP
0510034689_Layout1@run1@7.0Map.png,0.021951089,0.9780489,1,TP
E18-0@run1@7.0Map.png,0.4897361,0.5102639,1,TP
50057025@run1@4.0Map.png,0.02885528,0.9711447,1,TP
1-1@run2@16.0Map.png,0.43243974,0.56756026,1,TP
50056458@run1@1.0Map.png,0.11785281,0.88214725,1,TP
4-1@run1@39.0Map.png,0.4434888,0.55651116,1,TP
50056458@run1@7.0Map.png,0.0021140561,0.9978859,1,TP
0510040946_A-40.1-806@run1@2.0Map.png,0.16785944,0.8321406,1,TP
N52-2@run1@19.0Map.png,0.06739786,0.93260217,1,TP
4-1@run1@58.0Map.png,0.44922796,0.550772,1,TP
W51-0@run1@3.0Map.png,0.1261742,0.8738258,1,TP
0510034689_Layout1@run1@1.0Map.png,0.35070568,0.64929426,1,TP
4-1@run1@54.0Map.png,0.4534249,0.54657507,1,TP
N52-2@run1@7.0Map.png,0.06516231,0.9348377,1,TP
1-1@run2@1.0Map.png,0.2474702,0.7525298,1,TP
2-2@run1@23.0Map.png,0.18858457,0.81141543,1,TP
E19-0@run1@11.0Map.png,0.04503255,0.95496744,1,TP
50037764_PLAN1@run1@15.0Map.png,0.1665856,0.83341444,1,TP
1-1@run2@34.0Map.png,0.10389197,0.89610803,1,TP
1-1@run2@27.0Map.png,0.13122833,0.8687717,1,TP
50-2@run1@0Map.png,0.1774529,0.8225471,1,TP
NW16-1@run1@14.0Map.png,0.014123449,0.9858766,1,TP
39-6@run1@4.0Map.png,0.0654159,0.9345841,1,TP
0510034841_A-40.1-103@run1@0Map.png,0.031174826,0.9688252,1,TP
31-0@run1@17.0Map.png,0.016285198,0.98371476,1,TP
0510032266_A_40_1_103@run1@5.0Map.png,0.0012540311,0.9987459,1,TP
16-7@run1@6.0Map.png,0.0021624228,0.9978376,1,TP
16-2@run1@1.0Map.png,0.24517038,0.75482965,1,TP
W59-1@run1@15.0Map.png,0.001546926,0.998453,1,TP
1-1@run1@29.0Map.png,0.30448377,0.6955162,1,TP
1-1@run1@18.0Map.png,0.23074399,0.769256,1,TP
9-1@run1@3.0Map.png,0.0023059172,0.9976941,1,TP
5-0@run1@5.0Map.png,0.09473477,0.9052653,1,TP
E18-0@run1@3.0Map.png,0.19711052,0.8028894,1,TP
W92-0@run1@3.0Map.png,0.19565096,0.80434906,1,TP
W51-0@run1@4.0Map.png,0.046398036,0.953602,1,TP
E48-3@run1@3.0Map.png,0.023574518,0.97642547,1,TP
5-0@run1@8.0Map.png,0.07544285,0.92455715,1,TP
NW16-1@run1@10.0Map.png,0.05928778,0.94071215,1,TP
1-1@run1@21.0Map.png,0.06268084,0.93731916,1,TP
E52-5@run1@6.0Map.png,0.0011024295,0.99889755,1,TP
9-1@run1@7.0Map.png,0.0019250406,0.9980749,1,TP
N52-2@run1@18.0Map.png,0.05773063,0.9422694,1,TP
0510035737_A_40_1_105@run1@14.0Map.png,0.0035406335,0.9964593,1,TP
1-1@run2@28.0Map.png,0.12634248,0.8736575,1,TP
1-1@run1@7.0Map.png,0.20153888,0.79846114,1,TP
E34-3@run1@4.0Map.png,0.082136445,0.9178635,1,TP
24-5@run1@10.0Map.png,0.12666282,0.8733372,1,TP
N52-2@run1@3.0Map.png,0.3085792,0.6914208,1,TP
NW16-1@run1@5.0Map.png,0.09981458,0.9001854,1,TP
50057025@run1@1.0Map.png,0.14532241,0.8546776,1,TP
W7-0@run1@33.0Map.png,0.0019265551,0.99807346,1,TP
5-2@run1@2.0Map.png,0.11167663,0.88832337,1,TP
50056458@run1@6.0Map.png,0.0027496086,0.9972504,1,TP
W7-0@run1@0Map.png,0.26026323,0.73973674,1,TP
E19-0@run1@5.0Map.png,0.37707007,0.62292993,1,TP
31-0@run1@13.0Map.png,0.03502914,0.9649708,1,TP
E52-5@run1@15.0Map.png,4.479712e-05,0.9999552,1,TP
W7-0@run1@10.0Map.png,0.12061128,0.87938875,1,TP
50056459@run1@3.0Map.png,0.10999154,0.89000845,1,TP
NW21-2@run1@6.0Map.png,0.034338146,0.9656619,1,TP
4-1@run1@22.0Map.png,0.5155565,0.4844435,0,FN
2-2@run1@38.0Map.png,0.03555086,0.96444917,1,TP
W59-1@run1@2.0Map.png,0.19129473,0.80870533,1,TP
16-7@run1@1.0Map.png,0.12617537,0.8738246,1,TP
50056458@run1@2.0Map.png,0.016168127,0.9838319,1,TP
NW16-1@run1@4.0Map.png,0.08046991,0.9195301,1,TP
9-1@run1@2.0Map.png,0.0059366697,0.9940633,1,TP
NW21-2@run1@0Map.png,0.69909585,0.30090412,0,FN
24-5@run1@20.0Map.png,0.06191921,0.9380807,1,TP
54-17@run1@0Map.png,0.17284766,0.8271523,1,TP
E19-0@run1@1.0Map.png,0.6810914,0.31890854,0,FN
0510032266_A_40_1_103@run1@8.0Map.png,0.0005590841,0.99944085,1,TP
54-17@run1@4.0Map.png,0.07091508,0.9290849,1,TP
1-1@run1@2.0Map.png,0.20722243,0.7927776,1,TP
W7-0@run1@24.0Map.png,0.0038735063,0.9961265,1,TP
4-4@run1@9.0Map.png,0.01188545,0.98811454,1,TP
N52-2@run1@0Map.png,0.34115288,0.65884715,1,TP
W59-1@run1@11.0Map.png,0.0017171073,0.9982829,1,TP
24-5@run1@8.0Map.png,0.07832101,0.921679,1,TP
1-1@run2@8.0Map.png,0.61046034,0.3895397,0,FN
W7-0@run1@35.0Map.png,0.0017474697,0.9982526,1,TP
N57-1@run1@0Map.png,0.09812571,0.9018743,1,TP
0510034689_Layout1@run1@3.0Map.png,0.329805,0.670195,1,TP
0510034860_A-40@run1@3.0Map.png,0.041419428,0.9585806,1,TP
1-1@run1@27.0Map.png,0.08865834,0.9113416,1,TP
N52-2@run1@17.0Map.png,0.06723715,0.93276286,1,TP
16-7@run1@5.0Map.png,0.0021851643,0.9978148,1,TP
1-1@run1@8.0Map.png,0.068617456,0.9313826,1,TP
0510034860_A-40@run1@1.0Map.png,0.19245599,0.807544,1,TP
E18-0@run1@2.0Map.png,0.018331354,0.98166865,1,TP
E52-5@run1@9.0Map.png,0.00032142704,0.9996786,1,TP
31-0@run1@5.0Map.png,0.43660745,0.5633925,1,TP
0510034689_Layout1@run1@9.0Map.png,0.06146738,0.9385326,1,TP
W7-0@run1@26.0Map.png,0.004688849,0.9953112,1,TP
4-1@run1@26.0Map.png,0.44692147,0.5530786,1,TP
1-1@run1@14.0Map.png,0.06511881,0.9348812,1,TP
24-5@run1@5.0Map.png,0.10253215,0.89746785,1,TP
5-0@run1@3.0Map.png,0.18629432,0.81370574,1,TP
1-1@run1@23.0Map.png,0.06984107,0.930159,1,TP
50-2@run1@11.0Map.png,0.018244026,0.981756,1,TP
W51-0@run1@6.0Map.png,0.08271089,0.91728914,1,TP
54-4@run1@1.0Map.png,0.67811006,0.32188994,0,FN
50056459@run1@4.0Map.png,0.017543862,0.9824561,1,TP
56-4@run1@1.0Map.png,0.4357011,0.5642989,1,TP
1-1@run1@12.0Map.png,0.03312713,0.9668728,1,TP
W51-0@run1@5.0Map.png,0.06027983,0.9397202,1,TP
NW16-1@run1@8.0Map.png,0.09505022,0.90494984,1,TP
24-5@run1@16.0Map.png,0.063756794,0.9362432,1,TP
E18-0@run1@9.0Map.png,0.29720432,0.7027956,1,TP
4-1@run1@16.0Map.png,0.77175313,0.22824682,0,FN
4-1@run1@25.0Map.png,0.43893448,0.56106555,1,TP
E18-0@run1@1.0Map.png,0.34002113,0.65997887,1,TP
W7-0@run1@40.0Map.png,0.0017906288,0.99820936,1,TP
W59-1@run1@3.0Map.png,0.085745566,0.9142544,1,TP
50056459@run1@9.0Map.png,0.0015465533,0.9984534,1,TP
0510032266_A_40_1_103@run1@9.0Map.png,0.0005590841,0.99944085,1,TP
5-0@run1@4.0Map.png,0.27183732,0.72816265,1,TP
4-1@run1@33.0Map.png,0.44184557,0.55815446,1,TP
41-2@run1@0Map.png,0.24761803,0.75238204,1,TP
1-1@run1@25.0Map.png,0.05594719,0.9440528,1,TP
N52-2@run1@11.0Map.png,0.06451496,0.93548506,1,TP
0510032266_A_40_1_103@run1@6.0Map.png,0.00061414286,0.99938583,1,TP
0510034692_Layout1@run1@0Map.png,0.31973082,0.6802692,1,TP
4-1@run1@19.0Map.png,0.82433736,0.1756626,0,FN
4-4@run1@4.0Map.png,0.0338664,0.96613365,1,TP
0510034689_Layout1@run1@8.0Map.png,0.06193832,0.93806165,1,TP
5-2@run1@7.0Map.png,0.0039207446,0.99607927,1,TP
NW16-1@run1@0Map.png,0.46416676,0.5358332,1,TP
0510045926_A-40.1-020@run1@5.0Map.png,0.0041140323,0.9958859,1,TP
E18-0@run1@6.0Map.png,0.46684575,0.5331543,1,TP
16-2@run1@8.0Map.png,0.00835468,0.9916453,1,TP
0510034689_Layout1@run1@5.0Map.png,0.023841701,0.9761583,1,TP
31-0@run1@14.0Map.png,0.015401694,0.9845983,1,TP
W7-0@run1@8.0Map.png,0.0982611,0.9017389,1,TP
5-2@run1@1.0Map.png,0.25463444,0.74536556,1,TP
4-1@run1@35.0Map.png,0.44055283,0.55944717,1,TP
31-0@run1@18.0Map.png,0.016285198,0.98371476,1,TP
E18-0@run1@0Map.png,0.11020043,0.8897996,1,TP
1-1@run2@4.0Map.png,0.6417336,0.35826638,0,FN
W7-0@run1@29.0Map.png,0.004055154,0.9959448,1,TP
9-1@run1@5.0Map.png,0.0019212298,0.9980788,1,TP
0510034689_Layout1@run1@2.0Map.png,0.32945803,0.670542,1,TP
NW21-2@run1@1.0Map.png,0.39606896,0.603931,1,TP
54-4@run1@3.0Map.png,0.034317963,0.9656821,1,TP
W7-0@run1@19.0Map.png,0.016818827,0.9831812,1,TP
16-7@run1@7.0Map.png,0.0021624228,0.9978376,1,TP
E48-3@run1@4.0Map.png,0.0235698,0.97643024,1,TP
W51-0@run1@8.0Map.png,0.06319051,0.9368095,1,TP
50056459@run1@1.0Map.png,0.64240646,0.35759357,0,FN
4-1@run1@31.0Map.png,0.4402417,0.55975837,1,TP
24-5@run1@9.0Map.png,0.12173288,0.87826705,1,TP
50-2@run1@6.0Map.png,0.0153802615,0.9846198,1,TP
W51-0@run1@11.0Map.png,0.027049474,0.9729505,1,TP
2-2@run1@26.0Map.png,0.063823834,0.9361761,1,TP
50-2@run1@10.0Map.png,0.015105467,0.9848946,1,TP
4-1@run1@59.0Map.png,0.4543144,0.54568565,1,TP
24-5@run1@19.0Map.png,0.05871921,0.94128084,1,TP
W59-1@run1@1.0Map.png,0.25765163,0.7423484,1,TP
4-1@run1@44.0Map.png,0.44889346,0.5511065,1,TP
0510032266_A_40_1_103@run1@3.0Map.png,0.019685853,0.98031414,1,TP
0510040946_A-40.1-806@run1@5.0Map.png,0.12153021,0.87846977,1,TP
50057025@run1@0Map.png,0.22158006,0.7784199,1,TP
50056459@run1@8.0Map.png,0.0015465533,0.9984534,1,TP
1-1@run2@9.0Map.png,0.84638774,0.15361224,0,FN
W7-0@run1@22.0Map.png,0.010921148,0.9890788,1,TP
0510035737_A_40_1_105@run1@10.0Map.png,0.003925025,0.996075,1,TP
1-1@run1@32.0Map.png,0.5338361,0.46616384,0,FN
N57-1@run1@4.0Map.png,0.0011565805,0.99884343,1,TP
0510045926_A-40.1-020@run1@4.0Map.png,0.004627014,0.99537295,1,TP
50057025@run1@7.0Map.png,0.016389035,0.9836109,1,TP
W7-0@run1@17.0Map.png,0.077332534,0.92266744,1,TP
16-2@run1@4.0Map.png,0.06913607,0.930864,1,TP
W7-0@run1@5.0Map.png,0.11429286,0.8857071,1,TP
4-1@run1@30.0Map.png,0.4397414,0.5602586,1,TP
N52-2@run1@1.0Map.png,0.07009673,0.92990327,1,TP
50-2@run1@5.0Map.png,0.027537433,0.9724626,1,TP
0510034692_Layout1@run1@7.0Map.png,0.0023635072,0.99763644,1,TP
16-2@run1@2.0Map.png,0.13079202,0.869208,1,TP
0510034689_Layout1@run1@6.0Map.png,0.021951089,0.9780489,1,TP
54-17@run1@5.0Map.png,0.052854035,0.9471459,1,TP
1-1@run1@3.0Map.png,0.3989841,0.6010159,1,TP
E18-0@run1@12.0Map.png,0.30964744,0.69035256,1,TP
24-5@run1@17.0Map.png,0.054360304,0.94563967,1,TP
56-4@run1@9.0Map.png,0.00049450115,0.9995055,1,TP
2-2@run1@27.0Map.png,0.07138513,0.92861485,1,TP
0510034692_Layout1@run1@6.0Map.png,0.0023635072,0.99763644,1,TP
50037764_PLAN1@run1@20.0Map.png,0.04683174,0.9531683,1,TP
W51-0@run1@0Map.png,0.18769732,0.8123027,1,TP
E52-5@run1@7.0Map.png,0.00068348285,0.9993166,1,TP
1-1@run2@18.0Map.png,0.29398623,0.7060138,1,TP
5-2@run1@6.0Map.png,0.0039207446,0.99607927,1,TP
W51-0@run1@7.0Map.png,0.09905548,0.90094453,1,TP
4-1@run1@56.0Map.png,0.45190862,0.54809135,1,TP
56-4@run1@0Map.png,0.26757506,0.732425,1,TP
50057025@run1@2.0Map.png,0.01582968,0.9841703,1,TP
N52-2@run1@14.0Map.png,0.06588751,0.9341124,1,TP
39-6@run1@5.0Map.png,0.02531895,0.974681,1,TP
54-4@run1@0Map.png,0.20939064,0.79060936,1,TP
24-5@run1@1.0Map.png,0.18090843,0.81909156,1,TP
N57-1@run1@3.0Map.png,0.0011565805,0.99884343,1,TP
W7-0@run1@16.0Map.png,0.09519385,0.90480614,1,TP
W51-0@run1@1.0Map.png,0.34976423,0.6502358,1,TP
50-2@run1@1.0Map.png,0.81487846,0.18512155,0,FN
0510045926_A-40.1-020@run1@7.0Map.png,0.0044360156,0.995564,1,TP
N52-2@run1@9.0Map.png,0.06527219,0.9347278,1,TP
0510034692_Layout1@run1@3.0Map.png,0.027336549,0.9726635,1,TP
E18-0@run1@4.0Map.png,0.25362527,0.74637467,1,TP
2-2@run1@32.0Map.png,0.040529184,0.9594708,1,TP
5-2@run1@4.0Map.png,0.023115208,0.9768847,1,TP
1-1@run1@35.0Map.png,0.30960336,0.69039667,1,TP
W7-0@run1@2.0Map.png,0.23874356,0.7612564,1,TP
W7-0@run1@28.0Map.png,0.0040065576,0.9959934,1,TP
W59-1@run1@14.0Map.png,0.001546926,0.998453,1,TP
4-1@run1@47.0Map.png,0.44943762,0.5505624,1,TP
31-0@run1@11.0Map.png,0.16207026,0.8379298,1,TP
W7-0@run1@38.0Map.png,0.0017903484,0.9982097,1,TP
24-5@run1@6.0Map.png,0.11063071,0.8893693,1,TP
W7-0@run1@3.0Map.png,0.14327618,0.85672385,1,TP
E19-0@run1@2.0Map.png,0.6881821,0.31181785,0,FN
E19-0@run1@6.0Map.png,0.19167902,0.808321,1,TP
31-0@run1@6.0Map.png,0.19532432,0.8046757,1,TP
E48-3@run1@0Map.png,0.16865228,0.83134776,1,TP
54-17@run1@6.0Map.png,0.052854035,0.9471459,1,TP
0510040946_A-40.1-806@run1@6.0Map.png,0.12153021,0.87846977,1,TP
5-0@run1@2.0Map.png,0.5337407,0.46625933,0,FN
W59-1@run1@18.0Map.png,0.0018007407,0.9981993,1,TP
E34-3@run1@5.0Map.png,0.09553165,0.9044684,1,TP
0510034692_Layout1@run1@5.0Map.png,0.0023635072,0.99763644,1,TP
E18-0@run1@11.0Map.png,0.30964744,0.69035256,1,TP
31-0@run1@3.0Map.png,0.3216147,0.67838526,1,TP
E48-3@run1@1.0Map.png,0.13236006,0.8676399,1,TP
24-5@run1@18.0Map.png,0.05566549,0.94433445,1,TP
1-1@run2@19.0Map.png,0.64284897,0.357151,0,FN
50037764_PLAN1@run1@14.0Map.png,0.15100126,0.8489988,1,TP
N52-2@run1@15.0Map.png,0.068346255,0.9316537,1,TP
4-4@run1@2.0Map.png,0.37514043,0.6248595,1,TP
5-0@run1@9.0Map.png,0.07544285,0.92455715,1,TP
1-1@run2@15.0Map.png,0.41529703,0.58470297,1,TP
1-1@run2@0Map.png,0.3499362,0.6500638,1,TP
0510035737_A_40_1_105@run1@1.0Map.png,0.3123464,0.6876536,1,TP
4-4@run1@3.0Map.png,0.13794845,0.86205155,1,TP
N52-2@run1@23.0Map.png,0.06917646,0.93082356,1,TP
E34-3@run1@0Map.png,0.13777025,0.8622297,1,TP
4-1@run1@14.0Map.png,0.4549333,0.5450667,1,TP
0510035737_A_40_1_105@run1@8.0Map.png,0.056447327,0.9435527,1,TP
50056458@run1@0Map.png,0.20797116,0.79202884,1,TP
E52-5@run1@10.0Map.png,0.0003473804,0.9996526,1,TP
0510034689_Layout1@run1@4.0Map.png,0.2871518,0.7128482,1,TP
W7-0@run1@18.0Map.png,0.01803713,0.98196286,1,TP
0510032266_A_40_1_103@run1@7.0Map.png,0.0005986811,0.99940133,1,TP
2-2@run1@25.0Map.png,0.15201464,0.8479854,1,TP
W51-0@run1@12.0Map.png,0.025827251,0.9741727,1,TP
56-4@run1@10.0Map.png,0.0003780716,0.99962187,1,TP
5-2@run1@3.0Map.png,0.011481632,0.9885183,1,TP
1-1@run2@26.0Map.png,0.12636368,0.8736363,1,TP
4-1@run1@42.0Map.png,0.44461778,0.5553822,1,TP
E34-3@run1@3.0Map.png,0.09319833,0.90680164,1,TP
E34-3@run1@1.0Map.png,0.33806574,0.66193426,1,TP
2-2@run1@31.0Map.png,0.044362266,0.9556377,1,TP
E52-5@run1@2.0Map.png,0.16693595,0.8330641,1,TP
9-1@run1@6.0Map.png,0.0019250406,0.9980749,1,TP
0510032266_A_40_1_103@run1@2.0Map.png,0.11050244,0.8894976,1,TP
E19-0@run1@4.0Map.png,0.3731008,0.62689924,1,TP
31-0@run1@24.0Map.png,0.017876754,0.9821232,1,TP
W7-0@run1@23.0Map.png,0.0054089315,0.9945911,1,TP
E19-0@run1@3.0Map.png,0.4657928,0.53420717,1,TP
0510034692_Layout1@run1@2.0Map.png,0.0027800049,0.99722004,1,TP
1-1@run2@3.0Map.png,0.5732298,0.42677024,0,FN
4-4@run1@5.0Map.png,0.039306097,0.9606939,1,TP
4-1@run1@23.0Map.png,0.44189647,0.55810356,1,TP
0510034689_Layout1@run1@0Map.png,0.4358647,0.5641354,1,TP
50037764_PLAN1@run1@18.0Map.png,0.049607813,0.9503922,1,TP
2-2@run1@34.0Map.png,0.0361793,0.96382076,1,TP
0510040946_A-40.1-806@run1@3.0Map.png,0.12153021,0.87846977,1,TP
1-1@run1@6.0Map.png,0.1289929,0.8710071,1,TP
39-6@run1@0Map.png,0.1197527,0.8802473,1,TP
54-17@run1@7.0Map.png,0.052064855,0.94793516,1,TP
50056459@run1@2.0Map.png,0.5416514,0.45834857,0,FN
E52-5@run1@20.0Map.png,3.969707e-05,0.9999603,1,TP
16-7@run1@8.0Map.png,0.0021624228,0.9978376,1,TP
W59-1@run1@8.0Map.png,0.08257504,0.9174249,1,TP
56-4@run1@2.0Map.png,0.31965157,0.68034846,1,TP
54-17@run1@8.0Map.png,0.052064855,0.94793516,1,TP
54-4@run1@4.0Map.png,0.041427474,0.9585725,1,TP
1-1@run1@28.0Map.png,0.4517023,0.5482977,1,TP
W59-1@run1@16.0Map.png,0.00146752,0.9985324,1,TP
N52-2@run1@13.0Map.png,0.06621582,0.9337842,1,TP
50056458@run1@5.0Map.png,0.0027496086,0.9972504,1,TP
4-1@run1@21.0Map.png,0.5463309,0.453669,0,FN
41-2@run1@2.0Map.png,0.106320776,0.89367926,1,TP
W59-1@run1@13.0Map.png,0.0007864887,0.99921346,1,TP
N52-2@run1@10.0Map.png,0.06457959,0.9354204,1,TP
E52-5@run1@13.0Map.png,6.347436e-05,0.9999366,1,TP
31-0@run1@2.0Map.png,0.54295516,0.45704487,0,FN
0510040946_A-40.1-806@run1@0Map.png,0.15450111,0.8454989,1,TP
0510045926_A-40.1-020@run1@2.0Map.png,0.13826661,0.86173344,1,TP
E19-0@run1@9.0Map.png,0.047799204,0.9522008,1,TP
E19-0@run1@17.0Map.png,0.027863145,0.97213686,1,TP
1-1@run1@24.0Map.png,0.07793399,0.92206603,1,TP
4-1@run1@40.0Map.png,0.44277257,0.55722743,1,TP
N52-2@run1@5.0Map.png,0.061746135,0.9382539,1,TP
W7-0@run1@37.0Map.png,0.0017515527,0.99824846,1,TP
5-2@run1@5.0Map.png,0.0048661237,0.9951338,1,TP
39-6@run1@8.0Map.png,0.009732124,0.99026793,1,TP
16-2@run1@5.0Map.png,0.062378768,0.9376212,1,TP
W92-0@run1@6.0Map.png,0.21224777,0.7877522,1,TP
N52-2@run1@16.0Map.png,0.06728982,0.9327102,1,TP
4-1@run1@28.0Map.png,0.44069847,0.55930156,1,TP
31-0@run1@22.0Map.png,0.02668631,0.9733137,1,TP
1-1@run2@22.0Map.png,0.19560084,0.8043992,1,TP
E52-5@run1@14.0Map.png,4.7500977e-05,0.99995255,1,TP
N52-2@run1@21.0Map.png,0.068449676,0.9315503,1,TP
1-1@run2@14.0Map.png,0.5813278,0.41867217,0,FN
W59-1@run1@12.0Map.png,0.0008841226,0.9991159,1,TP
W92-0@run1@4.0Map.png,0.3275875,0.6724125,1,TP
54-17@run1@2.0Map.png,0.4200146,0.57998544,1,TP
1-1@run2@23.0Map.png,0.18572988,0.8142701,1,TP
N52-2@run1@12.0Map.png,0.06495782,0.93504214,1,TP
W7-0@run1@4.0Map.png,0.16464119,0.8353588,1,TP
4-4@run1@0Map.png,0.5324794,0.46752056,0,FN
1-1@run2@24.0Map.png,0.1750096,0.8249904,1,TP
56-4@run1@8.0Map.png,0.0007678886,0.9992322,1,TP
56-4@run1@6.0Map.png,0.016519709,0.9834803,1,TP
NW16-1@run1@2.0Map.png,0.2726606,0.7273394,1,TP
0510034692_Layout1@run1@1.0Map.png,0.046608366,0.9533917,1,TP
50-2@run1@9.0Map.png,0.015105467,0.9848946,1,TP
4-1@run1@32.0Map.png,0.44160095,0.5583991,1,TP
4-1@run1@52.0Map.png,0.45202643,0.5479735,1,TP
16-7@run1@4.0Map.png,0.007602872,0.9923971,1,TP
1-1@run2@33.0Map.png,0.10389197,0.89610803,1,TP
9-1@run1@1.0Map.png,0.11030335,0.88969666,1,TP
W7-0@run1@39.0Map.png,0.0017906288,0.99820936,1,TP
W7-0@run1@6.0Map.png,0.1339172,0.86608285,1,TP
16-7@run1@0Map.png,0.20752728,0.7924727,1,TP
0510032266_A_40_1_103@run1@1.0Map.png,0.5556176,0.44438243,0,FN
56-4@run1@13.0Map.png,0.00033930337,0.99966073,1,TP
0510034692_Layout1@run1@4.0Map.png,0.015597975,0.984402,1,TP
0510035737_A_40_1_105@run1@7.0Map.png,0.08367709,0.9163229,1,TP
E19-0@run1@14.0Map.png,0.040228494,0.95977145,1,TP
W59-1@run1@0Map.png,0.19352992,0.80647004,1,TP
0510045926_A-40.1-020@run1@1.0Map.png,0.5221418,0.47785816,0,FN
16-2@run1@10.0Map.png,0.008139483,0.99186057,1,TP
4-1@run1@43.0Map.png,0.44375777,0.5562422,1,TP
W92-0@run1@5.0Map.png,0.22052413,0.77947587,1,TP
16-2@run1@9.0Map.png,0.008052795,0.99194723,1,TP
2-2@run1@28.0Map.png,0.07051233,0.9294877,1,TP
24-5@run1@15.0Map.png,0.06712713,0.93287283,1,TP
W51-0@run1@9.0Map.png,0.0316614,0.9683386,1,TP
4-1@run1@57.0Map.png,0.44976914,0.55023086,1,TP
W7-0@run1@20.0Map.png,0.015056849,0.98494315,1,TP
50056459@run1@5.0Map.png,0.005336595,0.99466336,1,TP
N57-1@run1@1.0Map.png,0.0069669816,0.99303305,1,TP
1-1@run1@10.0Map.png,0.059841976,0.940158,1,TP
1-1@run1@9.0Map.png,0.0760008,0.9239992,1,TP
1-1@run1@16.0Map.png,0.55379343,0.4462066,0,FN
4-1@run1@20.0Map.png,0.6656412,0.3343588,0,FN
E18-0@run1@8.0Map.png,0.34489056,0.6551094,1,TP
N52-2@run1@20.0Map.png,0.06739786,0.93260217,1,TP
0510034860_A-40@run1@4.0Map.png,0.041419428,0.9585806,1,TP
1-1@run1@13.0Map.png,0.03012785,0.9698722,1,TP
50-2@run1@12.0Map.png,0.018244026,0.981756,1,TP
5-0@run1@0Map.png,0.50128055,0.49871945,0,FN
1-1@run2@13.0Map.png,0.56476706,0.43523297,0,FN
1-1@run2@7.0Map.png,0.6807527,0.31924725,0,FN
NW16-1@run1@11.0Map.png,0.028739935,0.9712601,1,TP
1-1@run2@35.0Map.png,0.10389197,0.89610803,1,TP
E52-5@run1@17.0Map.png,4.09521e-05,0.999959,1,TP
W7-0@run1@31.0Map.png,0.0041602715,0.9958397,1,TP
1-1@run1@19.0Map.png,0.2079647,0.7920353,1,TP
1-1@run2@31.0Map.png,0.123670384,0.8763296,1,TP
50057025@run1@3.0Map.png,0.016418042,0.983582,1,TP
54-4@run1@5.0Map.png,0.03251704,0.9674829,1,TP
54-4@run1@7.0Map.png,0.02195148,0.97804856,1,TP
5-0@run1@1.0Map.png,0.48047054,0.5195295,1,TP
4-1@run1@50.0Map.png,0.4524223,0.54757774,1,TP
W59-1@run1@9.0Map.png,0.011550388,0.9884496,1,TP
0510034841_A-40.1-103@run1@1.0Map.png,0.04331817,0.9566818,1,TP
39-6@run1@1.0Map.png,0.23722845,0.76277155,1,TP
1-1@run2@29.0Map.png,0.12634248,0.8736575,1,TP
1-1@run1@33.0Map.png,0.529881,0.470119,0,FN
39-6@run1@9.0Map.png,0.009732124,0.99026793,1,TP
4-1@run1@41.0Map.png,0.44146833,0.5585317,1,TP
1-1@run2@30.0Map.png,0.12634248,0.8736575,1,TP
W7-0@run1@7.0Map.png,0.16773155,0.8322684,1,TP
50-2@run1@2.0Map.png,0.44269195,0.557308,1,TP
4-4@run1@7.0Map.png,0.04124832,0.9587516,1,TP
W51-0@run1@13.0Map.png,0.025827251,0.9741727,1,TP
0510035737_A_40_1_105@run1@13.0Map.png,0.0037525888,0.99624735,1,TP
24-5@run1@0Map.png,0.30283555,0.6971645,1,TP
1-1@run2@12.0Map.png,0.7983863,0.20161366,0,FN
16-2@run1@6.0Map.png,0.038583558,0.96141636,1,TP
4-1@run1@61.0Map.png,0.46843234,0.5315677,1,TP
W92-0@run1@1.0Map.png,0.25339475,0.7466053,1,TP
4-1@run1@15.0Map.png,0.63042945,0.36957055,0,FN
0510040946_A-40.1-806@run1@4.0Map.png,0.12153021,0.87846977,1,TP
W7-0@run1@13.0Map.png,0.046362255,0.9536378,1,TP
NW21-2@run1@3.0Map.png,0.2772359,0.7227641,1,TP
54-17@run1@1.0Map.png,0.34276342,0.6572366,1,TP
1-1@run1@11.0Map.png,0.024565898,0.97543406,1,TP
4-1@run1@48.0Map.png,0.45284206,0.5471579,1,TP
50037764_PLAN1@run1@19.0Map.png,0.04683174,0.9531683,1,TP
E19-0@run1@16.0Map.png,0.027863145,0.97213686,1,TP
50056459@run1@0Map.png,0.15708001,0.84291995,1,TP
W7-0@run1@15.0Map.png,0.07528892,0.92471105,1,TP
50056458@run1@4.0Map.png,0.013828223,0.9861718,1,TP
1-1@run2@6.0Map.png,0.7539332,0.24606685,0,FN
1-1@run2@32.0Map.png,0.11699766,0.88300234,1,TP
NW21-2@run1@5.0Map.png,0.031042326,0.9689577,1,TP
NW16-1@run1@1.0Map.png,0.5817677,0.41823235,0,FN
E52-5@run1@4.0Map.png,0.0069226557,0.9930774,1,TP
0510035737_A_40_1_105@run1@4.0Map.png,0.32018378,0.67981625,1,TP
24-5@run1@7.0Map.png,0.12995067,0.8700493,1,TP
50056458@run1@3.0Map.png,0.14709918,0.8529008,1,TP
NW21-2@run1@2.0Map.png,0.31850672,0.6814932,1,TP
1-1@run1@30.0Map.png,0.4815689,0.51843107,1,TP
0510035737_A_40_1_105@run1@9.0Map.png,0.059204046,0.94079596,1,TP
W59-1@run1@5.0Map.png,0.04299968,0.95700026,1,TP
W59-1@run1@19.0Map.png,0.0016194909,0.99838054,1,TP
4-1@run1@60.0Map.png,0.46875566,0.5312444,1,TP
4-1@run1@55.0Map.png,0.45124194,0.5487581,1,TP
50057025@run1@6.0Map.png,0.016389035,0.9836109,1,TP
50057025@run1@5.0Map.png,0.016389035,0.9836109,1,TP
31-0@run1@10.0Map.png,0.12443618,0.8755638,1,TP
1-1@run2@20.0Map.png,0.58209676,0.41790327,0,FN
W7-0@run1@36.0Map.png,0.0017474697,0.9982526,1,TP
N52-2@run1@6.0Map.png,0.062056325,0.9379437,1,TP
24-5@run1@2.0Map.png,0.30028498,0.699715,1,TP
N52-2@run1@22.0Map.png,0.06917646,0.93082356,1,TP
41-2@run1@3.0Map.png,0.035440814,0.96455914,1,TP
1-1@run2@10.0Map.png,0.74962294,0.2503771,0,FN
54-4@run1@6.0Map.png,0.023050081,0.97694993,1,TP
